smiles,is_toxic
COC1(NC(=O)CSC(F)F)C(=O)N2C(C(=O)O)=C(CSc3nnnn3CCO)COC21,1
CC(C)COCC(CN(Cc1ccccc1)c1ccccc1)N1CCCC1,1
Cc1onc(-c2c(F)cccc2Cl)c1C(=O)NC1C(=O)N2C1SC(C)(C)C2C(=O)O,1
CCC1OC(=O)C(C)C(OC2CC(C)(OC)C(O)C(C)O2)C(C)C(OC2OC(C)CC(N(C)C)C2O)C(C)(O)CC(C)C(=O)C(C)C(O)C1(C)O,1
Cc1nnc2n1-c1sc(Br)cc1C(c1ccccc1Cl)=NC2,1
O=C(O)Cc1cc(I)c(Oc2ccc(O)c(I)c2)c(I)c1,1
Cc1ccc(C(=O)c2ccc(CC(=O)O)n2C)cc1,1
OCCOCCN1CCN(C2=Nc3ccccc3Sc3ccccc32)CC1,1
CNCCc1ccccn1,1
CC(N)C(=O)NC(C)C(=O)NC1C2CN(c3nc4c(cc3F)c(=O)c(C(=O)O)cn4-c3ccc(F)cc3F)CC21,1
CC(C)N(CCC(C(N)=O)(c1ccccc1)c1ccccn1)C(C)C,1
CCc1c2c(nc3ccc(OC(=O)N4CCC(N5CCCCC5)CC4)cc13)-c1cc3c(c(=O)n1C2)COC(=O)C3(O)CC,1
Cc1onc(-c2ccccc2)c1C(=O)NC1C(=O)N2C1SC(C)(C)C2C(=O)O,1
CON=C(C(=O)NC1C(=O)N2C(C(=O)O)=C(CSc3nc(=O)c(=O)[nH]n3C)CSC12)c1csc(=N)[nH]1,1
CC(=O)CC(c1ccc([N+](=O)[O-])cc1)c1c(O)c2ccccc2oc1=O,1
Cc1n[nH]c(=NS(=O)(=O)c2ccc(N)cc2)s1,1
Cc1ncc([N+](=O)[O-])n1CCO,1
COc1cc(C=CC(=O)CC(=O)C=Cc2ccc(O)c(OC)c2)ccc1O,1
COc1ccc(CN2CCNCC2)c(OC)c1OC,1
N=c1ccn(C2OC(CO)C(O)C2O)c(=O)[nH]1,1
CC(CN(C)C)CN1c2ccccc2Sc2ccc(C#N)cc21,1
COC1(NC(=O)CSCC#N)C(=O)N2C(C(=O)O)=C(CSc3nnnn3C)CSC21,1
CC(NC(C)(C)C)C(=O)c1cccc(Cl)c1,1
CNCC(O)c1cccc(O)c1,1
CCc1ccc(C(=O)C(C)CN2CCCCC2)cc1,1
COc1ccc2[nH]c([S+]([O-])Cc3ncc(C)c(OC)c3C)nc2c1,1
COC1=C2C(C)C(OC(=O)C(O)C(NC(=O)OC(C)(C)C)c3ccccc3)CC(O)(C(OC(=O)c3ccccc3)C3C4(OC(C)=O)COC4CC(OC)C3(C)C1=O)C2(C)C,1
CN=C(C[N+](=O)[O-])NCCSCc1ccc(CN(C)C)o1,1
CCN(CC)CCNC(=O)c1cc(Cl)c(N)cc1OC,1
CCC(C)C(=O)OC1CC(O)C=C2C=CC(C)C(CCC(O)CC(O)CC(=O)O)C21,1
CC(C(=O)O)c1ccc2c(c1)Cc1cccnc1O2,1
CC(=O)NCC1CN(c2ccc(N3CCOCC3)c(F)c2)C(=O)O1,1
CC(=O)N(O)CCCCCNC(=O)CCC(=O)N(O)CCCCCNC(=O)CCC(=O)N(O)CCCCCN,1
CNC1C(O)C(OC2C(NC(=O)C(O)CN)CC(N)C(OC3OC(CN)C(O)C(O)C3O)C2O)OCC1(C)O,1
O=C1CCC(N2C(=O)c3ccccc3C2=O)C(=O)N1,1
CN(C)CCN(Cc1ccccc1)c1ccccn1,1
O=C1C=NC(c2ccccc2)c2cc([N+](=O)[O-])ccc2N1,1
CC(=O)c1ccc(S(=O)(=O)NC(=O)NC2CCCCC2)cc1,1
CNCCC(Oc1ccccc1C)c1ccccc1,1
CN1CCN(C(c2ccccc2)c2ccc(Cl)cc2)CC1,1
CCc1oc2ccccc2c1C(=O)c1cc(Br)c(O)c(Br)c1,1
CCN(CC)CCCC(C)N=c1cc[nH]c2cc(Cl)ccc12,1
NC1=NCC2c3ccccc3Cc3ccccc3N12,1
CN1CCN(CCCN2c3ccccc3Sc3ccc(Cl)cc32)CC1,1
NC(=O)OCC(COC(N)=O)c1ccccc1,1
CCC1OC(=O)C(C)C(OC2CC(C)(OC)C(O)C(C)O2)C(C)C(OC2OC(C)CC(N(C)C)C2O)C(C)(O)CC(C)C2NC(COCCOC)OC(C2C)C1(C)O,1
COc1cc2[nH]c(N(C)CCCNC(=O)C3CCCO3)nc(=N)c2cc1OC,1
O=C(O)C(CC(=O)N1CC2CCCCC2C1)Cc1ccccc1,1
Nc1ccc(C(=O)O)c(O)c1,1
NC(=O)NS(=O)(=O)c1ccc(N)cc1,1
NC1C2CN(c3nc4c(cc3F)c(=O)c(C(=O)O)cn4-c3ccc(F)cc3F)CC12,1
O=C(Oc1ccccc1C(=O)O)c1ccccc1O,1
Cc1cc2c(s1)=Nc1ccccc1NC=2N1CCN(C)CC1,1
CC1COc2c(C3(N)CC3)c(F)cc3c(=O)c(C(=O)O)cn1c23,1
Oc1c2c(c(O)n1CCCCN1CCN(c3ncccn3)CC1)C1CCC2C1,1
CC=CC1=C(C(=O)O)N2C(=O)C(NC(=O)C(N)c3ccc(O)cc3)C2SC1,1
CC1(C)SC2C(NC(=O)Cc3ccccc3)CN2C1C(=O)O,1
ClC(Cl)(Cl)Cl,1
CC(=O)Oc1cc(C(C)C)c(OCCN(C)C)cc1C,1
CCC(C)n1ncn(-c2ccc(N3CCN(c4ccc(OCC5COC(Cn6cncn6)(c6ccc(Cl)cc6Cl)O5)cc4)CC3)cc2)c1=O,1
COc1cc(C2c3cc4c(cc3C(OC3OC5COC(C)OC5C(O)C3O)C3COC(=O)C23)OCO4)cc(OC)c1O,1
Cc1cccc(C)c1OCC(C)N,1
CCc1cc2c(s1)-n1c(C)nnc1CN=C2c1ccccc1Cl,1
CC12CCC3c4ccc(O)cc4CCC3C1CCC2O,1
CCc1nn(CCCN2CCN(c3cccc(Cl)c3)CC2)c(=O)n1CCOc1ccccc1,1
Cc1nnc2n1-c1ccc(Cl)cc1C(c1ccccc1)=NC2,1
COc1ccc2c(c1)N(CC(C)CN(C)C)c1ccccc1S2,1
CC1c2cccc(O)c2C(=O)C2C(=O)C3(O)C(=O)C(C(N)=O)C(=O)C(N(C)C)C3C(O)C21,1
CC(C)(S)C(=O)NC(CS)C(=O)O,1
CC(C)(S)C(N)C(=O)O,1
O=[P-](=O)(O)C(O)(C[N+]1=CC=[N+]=C1)[P-](=O)(=O)O,1
CCOC(=O)C1=C(C)N=C(C)C(C(=O)OC)C1c1cccc([N+](=O)[O-])c1,1
CC1=NC(=N)C(C(=O)OC2CN(C(c3ccccc3)c3ccccc3)C2)C(c2cccc([N+](=O)[O-])c2)C1C(=O)OC(C)C,1
CCOC(=O)C(CCc1ccccc1)NC(C)C(=O)N1C(C(=O)O)CC2CCCCC21,1
CC(C)CC(NC(=O)C(Cc1c[nH]c2ccccc12)NC(=O)C(Cc1ccc(O)cc1)NC(=O)C(CO)NC(=O)C(Cc1c[nH]c2ccccc12)NC(=O)C(Cc1cnc[nH]1)NC(=O)C1CCC(=O)N1)C(=O)NC(CCCNC(=N)N)C(=O)N1CCCC1C(=O)NCC(N)=O,1
C=CCC1=CC(C)CC(C)CC(OC)C2OC(O)(C(=O)C(=O)N3CCCCC3C(=O)OC(C(C)=CC3CCC(O)C(OC)C3)C(C)C(O)CC1=O)C(C)CC2OC,1
O=C1Nc2ccccc2C1(c1ccc(O)cc1)c1ccc(O)cc1,1
CN1C(C(=O)N=c2cccc[nH]2)C(=O)c2sccc2S1(=O)=O,1
C#CC1(O)CCC2C3CCC4=Cc5oncc5CC4(C)C3CCC21C,1
CN1C(=O)CN=C(c2ccccc2F)c2cc([N+](=O)[O-])ccc21,1
CC12CCC3c4ccc(O)cc4CCC3C1CC(O)C2O,1
CCCCc1nc(Cl)c(CO)n1Cc1ccc(-c2ccccc2-c2nn[nH]n2)cc1,1
O=C(O)c1cccnc1,1
CC(CN1c2ccccc2Sc2ccccc21)N(C)C,1
Cc1cc(C#N)cc(C)c1Oc1[nH]c(=Nc2ccc(C#N)cc2)[nH]c(=N)c1Br,1
Cc1c(O)cccc1C(=O)NC(CSc1ccccc1)C(O)CN1CC2CCCCC2CC1C(=O)NC(C)(C)C,1
O=C(O)c1cc(O)c2c(O)c3c(OC4OC(CO)C(O)C(O)C4O)cccc3c(-c3c4cc(C(=O)O)cc(O)c4c(O)c4c(OC5OC(CO)C(O)C(O)C5O)cccc34)c2c1,1
C#CC1(O)CCC2C3CC=C4CC(=O)CCC4C3CCC21C,1
COC1C=COC2(C)Oc3c(C)c(O)c4c(O)c(c(=CNN5CCN(C)CC5)c(O)c4c3C2=O)=NC(=O)C(C)=CC=CC(C)C(O)C(C)C(O)C(C)C(OC(C)=O)C1C,1
CC1CN(c2cc3c(cc2F)c(=O)c(C(=O)O)cn3-c2ccc(F)cc2F)CCN1,1
CC(COc1ccccc1)NN,1
C=C1c2cccc(O)c2C(=O)C2C(=O)C3(O)C(=O)C(C(N)=O)C(=O)C(N(C)C)C3C(O)C12,1
CN1C(C(=O)N=c2cccc[nH]2)C(=O)c2sc(Cl)cc2S1(=O)=O,1
O=C1NCN(c2ccccc2)C12CCN(CCCC(c1ccc(F)cc1)c1ccc(F)cc1)CC2,1
CCCOC(C(=O)OC1CCN(C)CC1)(c1ccccc1)c1ccccc1,1
O=C(O)c1cc(N=Nc2ccc(O)c(C(=O)O)c2)ccc1O,1
COc1ccc(C(CN(C)C)C2(O)CCCCC2)cc1,1
O=C(O)C=Cc1ccc(Cn2ccnc2)cc1,1
O=C1OCCN1N=Cc1ccc([N+](=O)[O-])o1,1
Cc1ccc(S(=O)(=O)NC(=O)NN2CCCCCC2)cc1,1
CCN(CC)Cc1cc(N=c2cc[nH]c3cc(Cl)ccc23)ccc1O,1
COc1cc(OC)c(C(=O)CCCN2CCCC2)c(OC)c1,1
CN(C)CC=C(c1ccc(Br)cc1)c1cccnc1,1
CCC(C)C(=O)OC1CC(C)C=C2C=CC(C)C(CCC3CC(O)CC(=O)O3)C21,1
OCC(O)CO,1
CCOC(=O)OC(C)OC(=O)C1N2C(=O)C(NC(=O)C(N)c3ccccc3)C2SC1(C)C,1
COc1c(CC=C(C)CCC(=O)OCCN2CCOCC2)c(O)c2c(O)occ2c1C,1
NCCC(=O)C(O)NC1CC(N)C(OC2OC(CN)CCC2N)C(O)C1OC1OC(CO)C(O)C(N)C1O,1
O=c1n(CCCN2CCN(c3cccc(Cl)c3)CC2)nc2ccccn12,1
COC(=O)C1=C(C)N=C(C)C(C(=O)OC(C)(C)CN(C)CCC(c2ccccc2)c2ccccc2)C1c1cccc([N+](=O)[O-])c1,1
CNCCC=C1c2ccccc2CCc2ccccc21,1
Clc1ccccc1CN1CCc2sccc2C1,1
CC(C(=O)O)c1ccc(N2CC=CC2)c(Cl)c1,1
CCCCCOc1ccc(-c2cc(-c3ccc(C(=O)NC4CC(O)C(O)NC(=O)C5C(O)C(C)CN5C(=O)C(C(O)CC(N)=O)NC(=O)C(C(O)C(O)c5ccc(O)c(OS(=O)(=O)O)c5)NC(=O)C5CC(O)CN5C(=O)C(C(C)O)NC4=O)cc3)no2)cc1,1
COC(=O)C1=C(C)N=C(C)C(C(=O)OCCN2CCN(C(c3ccccc3)c3ccccc3)CC2)C1c1cccc([N+](=O)[O-])c1,1
CC(=O)CC(c1ccccc1)c1c(O)c2ccccc2oc1=O,1
CCCCc1c(O)n(-c2ccccc2)n(-c2ccccc2)c1=O,1
COc1ccc(C(=O)NCc2ccc(OCCN(C)C)cc2)cc1OC,1
CCC1=CC(C)CC(C)CC(OC)C2OC(O)(C(=O)C(=O)N3CCCCC3C(=O)OC(C(C)=CC3CCC(Cl)C(OC)C3)C(C)C(O)CC1=O)C(C)CC2OC,1
NNC(=O)c1ccncc1,1
CC12COC(=O)CC1CCC1C2CCC2(C)C1CCC2(C)O,1
NNCCc1ccccc1,1
CN1CCN2c3ncccc3Cc3ccccc3C2C1,1
CC(=O)OC12COC1CC(O)C1(C)C(=O)C(=O)C3C(C)C(OC(=O)C(O)C(NC(=O)OC(C)(C)C)c4ccccc4)CC(O)(C(OC(=O)c4ccccc4)C21)C3(C)C,1
C#CC1(O)CCC2C3CCC4=CCCCC4C3C(=C)CC21CC,1
CC(=O)OC=C1CSC2C(NC(=O)Cc3cccs3)C(=O)N2C1C(=O)O,1
CC(=O)SC1C=C2CC(=O)CCC2(C)C2CCC3(C)C(CCC34CCC(=O)O4)C12,1
CNCCC(Oc1ccc(C(F)(F)F)cc1)c1ccccc1,1
C=CC1=C(C(=O)O)N2C(=O)C(NC(=O)C(=NO)c3csc(=N)[nH]3)C2SC1,1
CC=Cc1ccc(OC)cc1,1
NC(CCC(=O)NC(CS)C(=O)NCC(=O)O)C(=O)O,1
CCC1OC(=O)C(C)C(OC2CC(C)(OC)C(O)C(C)O2)C(C)C(OC2OC(C)CC(N(C)C)C2O)C(C)(O)CC(C)C(=NOCOCCOC)C(C)C(O)C1(C)O,1
CCC(C)(C)C(=O)OC1CC(C)C=C2C=CC(C)C(CCC3CC(O)CC(=O)O3)C21,1
CC(=O)Nc1ccc(O)cc1,1
CCN(CC)CCN1C(=O)CN=C(c2ccccc2F)c2cc(Cl)ccc21,1
N=c1ccn(C2OC(CO)C(O)C2(F)F)c(=O)[nH]1,1
CN1CCC(=C2c3ccccc3CCc3cccnc32)CC1,1
NC(Cc1ccc(N(CCCl)CCCl)cc1)C(=O)O,1
CC(CCc1ccccc1)NCC(O)c1ccc(O)c(C(N)=O)c1,1
CC(C=CC1=C(C)CCCC1(C)C)=CC=CC(C)=CC(=O)O,1
COC12CCC3(CC1C(C)(O)C(C)(C)C)C1Cc4ccc(O)c5c4C3(CCN1CC1CC1)C2O5,1
CCCc1nc2c(C)cc(-c3nc4ccccc4n3C)cc2n1Cc1ccc(-c2ccccc2C(=O)O)cc1,1
NCCCCC(NC(CCc1ccccc1)C(=O)O)C(=O)N1CCCC1C(=O)O,1
CCN(CC)CC(=O)Oc1ccc(NC(C)=O)cc1,1
CC(C)(C)NC(=O)C1CC2CCCCC2CN1CC(O)C(Cc1ccccc1)NC(=O)C(CC(N)=O)NC(=O)c1ccc2ccccc2n1,1
NC(C(=O)O)C(O)c1ccc(O)c(O)c1,1
NC(C(=O)NC1C(=O)N2C(C(=O)O)=C(Cl)CSC12)c1ccccc1,1
CN1CCN(C2=Nc3cc(Cl)ccc3Nc3ccccc32)CC1,1
Cc1nc2n(c(=O)c1CCN1CCC(c3noc4cc(F)ccc34)CC1)CCCC2,1
COc1ccc2c3c1OC1C(O)CCC4C(C2)N(C)CCC341,1
CC(C(=O)O)c1cccc(Oc2ccccc2)c1,1
CCCNC(=O)NS(=O)(=O)c1ccc(Cl)cc1,1
CCN(CC)CCNC(=O)c1ccc(N)cc1,1
OC(Cn1cncn1)(Cn1cncn1)c1ccc(F)cc1F,1
COC(F)(F)C(Cl)Cl,1
CCc1oc2ccccc2c1C(=O)c1ccc(O)cc1,1
OCCN1CCN(CCCN2c3ccccc3Sc3ccc(Cl)cc32)CC1,1
CN1CCOC(c2ccccc2)c2ccccc2C1,1
CN=C1C=[N+]([O-])C(c2ccccc2)c2cc(Cl)ccc2N1,1
COc1cccc(OC)c1C(=O)NC1C(=O)N2C1SC(C)(C)C2C(=O)O,1
N=C(N)c1ccc(OCCCCCOc2ccc(C(=N)N)cc2)cc1,1
O=C(c1cc(O)c(O)c(O)c1)c1ccc(O)c(O)c1O,1
CCOC(=O)C(CCc1ccccc1)NC(C)C(=O)N1Cc2ccccc2CC1C(=O)O,1
CCC1OC(=O)C(C)C(=O)C(C)C(OC2OC(C)CC(N(C)C)C2O)C(C)(OC)CC(C)C(=O)C(C)C2N(CCCCn3cnc(-c4cccnc4)c3)C(=O)OC12C,1
Cc1onc(-c2ccccc2Cl)c1C(=O)NC1C(=O)N2C1SC(C)(C)C2C(=O)O,1
COc1c(CC=C(C)CCC(=O)O)c(O)c2c(O)occ2c1C,1
COc1cc2c(cc1OC)C1CC(=O)C(CC(C)C)CN1CC2,1
CC(=O)C1CCC2C3CC=C4CC(=O)CCC4(C)C3CCC12C,1
CN(C)C1C(=O)C(C(N)=O)C(=O)C2(O)C(=O)C3C(=O)c4c(O)cccc4C(C)(O)C3CC12,1
CC12CCC(=O)C=C1CCC1C2CCC2(C)C(O)CCC12,1
O=C(O)c1cc(N=Nc2ccc(S(=O)(=O)N=c3cccc[nH]3)cc2)ccc1O,1
CC(=O)OC1=C2C(C)C(OC(=O)C(O)C(NC(=O)c3ccccc3)c3ccccc3)CC(O)(C(OC(=O)c3ccccc3)C3C4(OC(C)=O)COC4CC(O)C3(C)C1=O)C2(C)C,1
CCC(=C(c1ccccc1)c1ccc(OCCN(C)C)cc1)c1ccccc1,1
CC(C)CC1C(=O)N2CCCC2C2(O)OC(NC(=O)C3=CC4c5cccc6[nH]c(Br)c(c56)CC4N(C)C3)(C(C)C)C(=O)N12,1
CN(C)CCC=C1c2ccccc2COc2ccccc21,1
COc1cccc2c(O)c3c(O)c4c(c(O)c3c(O)c12)=C(OC1CC(N)C(O)C(C)O1)CC(O)(C(=O)CO)C=4,1
CCC1(O)CC2CN(CCc3c([nH]c4ccccc34)C(C(=O)OC)(c3cc4c(cc3OC)N(C=O)C3C(O)(C(=O)OC)C(OC(C)=O)C5(CC)C=CCN6CCC43C65)C2)C1,1
CC12C=CC(=O)C=C1CCC1C2C(O)CC2(C)C1CCC2(O)C(=O)CO,1
CCCC1CC(C(=O)NC(C(C)O)C2OC(SC)C(O)C(O)C2O)N(C)C1,1
COC(=O)N=c1[nH]c2ccc(C(=O)c3ccccc3)cc2[nH]1,1
CCCC1CC(C(=O)NC(C(C)Cl)C2OC(SC)C(O)C(O)C2O)N(C)C1,1
CC12CCC3c4ccc(OS(=O)(=O)O)cc4CCC3C1CCC2=O,1
OC(c1cc(C(F)(F)F)nc2c(C(F)(F)F)cccc12)C1CCCCN1,1
Cc1nccn1CC1CCC2C(C1=O)c1ccccc1N2C,1
CCOC(=O)C(CCc1ccccc1)NC(C)C(=O)N1CCCC1C(=O)O,1
CCN1CCN(C(=O)NC(C(=O)NC2C(=O)N3C(C(=O)O)=C(CSc4nnnn4C)CSC23)c2ccc(O)cc2)C(=O)C1=O,1
CC1CC2C3CC=C4CC(=O)C=CC4(C)C3(F)C(O)CC2(C)C1(O)C(=O)CO,1
CCC1(c2ccccc2)NC(=O)N(C)C1=O,1
CON=C(C(=O)NC1C(=O)N2C(C(=O)O)=C(COC(C)=O)CSC12)c1csc(=N)[nH]1,1
CCOc1ccc2ccccc2c1C(=O)NC1C(=O)N2C1SC(C)(C)C2C(=O)O,1
CC1COc2c(N3CCN(C)CC3)c(F)cc3c(=O)c(C(=O)O)cn1c23,1
CCOC(=O)C1=C(C)N=C(C)C(C(=O)OC)C1c1cccc(Cl)c1Cl,1
Cc1cn(C2CC(N=[N+]=[N-])C(CO)O2)c(=O)[nH]c1=O,1
CCOC(=O)C(CCc1ccccc1)NC(C)C(=O)N1C(C(=O)O)CC2CCCC21,1
CC(C)C(N)C(=O)OCCOCn1cnc2c(=O)[nH]c(=N)[nH]c21,1
COc1ccc(C2Sc3ccccc3N(CCN(C)C)C(=O)C2OC(C)=O)cc1,1
COc1cc2c(c(OC)c1OC)-c1ccc(OC)c(=O)cc1C(NC(C)=O)CC2,1
CCCCCN=C(N)NN=Cc1c[nH]c2ccc(OC)cc12,1
O=c1[nH]c(O)cn1N=Cc1ccc(-c2ccc([N+](=O)[O-])cc2)o1,1
N=C(N)NC(=O)Cc1c(Cl)cccc1Cl,1
CCCC(NC(C)C(=O)N1C(C(=O)O)CC2CCCCC21)C(=O)OCC,1
CCN1CCN(C(=O)NC(C(=O)NC2C(=O)N3C2SC(C)(C)C3C(=O)O)c2ccccc2)C(=O)C1=O,1
CON=C(C(=O)NC1C(=O)N2C(C(=O)O)=C(COC(N)=O)CSC12)c1ccco1,1
CCOc1ccc2ccccc2c1NC(=O)C1C(=O)N2C1SC(C)(C)C2C(=O)O,1
N=c1[nH]c(Cl)nc2c1ncn2C1OC(CO)C(O)C1F,1
CCCC(C)C1(CC)C(=O)NC(=O)NC1=O,1
CC(=O)OC1(C(C)=O)CCC2C3CC(C)=C4CC(=O)CCC4(C)C3CCC21C,1
COC1(NC(=O)Cc2cccs2)C(=O)N2C(C(=O)O)=C(COC(N)=O)CSC21,1
Cc1cc(C(=O)NNCc2ccccc2)no1,1
CC(=O)N1CCN(c2ccc(OCC3COC(Cn4ccnc4)(c4ccc(Cl)cc4Cl)O3)cc2)CC1,1
CC12C=CC(=O)C=C1CCC1C2C(=O)CC2(C)C1CCC2(O)C(=O)CO,1
CCOC(=O)C(CCc1ccccc1)NC1CCc2ccccc2N(CC(=O)O)C1=O,1
CN=C(C[N+](=O)[O-])NCCSCc1csc(CN(C)C)n1,1
N=C(N)N=c1[nH]c(CSCCC(=N)NS(N)(=O)=O)cs1,1
NC(Cc1cc(I)c(Oc2cc(I)c(O)c(I)c2)c(I)c1)C(=O)O,1
CC1(C)NC(=O)N(c2ccc([N+](=O)[O-])c(C(F)(F)F)c2)C1=O,1
Cc1onc(-c2c(Cl)cccc2Cl)c1C(=O)NC1C(=O)N2C1SC(C)(C)C2C(=O)O,1
CCOC(=O)C1=C(COCCN)N=C(C)C(C(=O)OC)C1c1ccccc1Cl,1
CC1=C2CC(=O)C=CC2(C)C2C(O)CC3(C)C(CCC3(O)C(=O)CO)C2C1,1
Cc1nnc(SC=C2CSC3C(NC(=O)Cn4cnnn4)C(=O)N3C2C(=O)O)s1,1
CON=C1CN(c2nc3c(cc2F)c(=O)c(C(=O)O)cn3C2CC2)CC1CN,1
O=c1[nH]c(O)cn1N=Cc1ccc([N+](=O)[O-])o1,1
CN(C)c1ccc(O)c2c1CC1CC3C(N(C)C)C(=O)C(C(N)=O)C(=O)C3(O)C(=O)C1C2=O,1
N=c1[nH]c(Cl)nc2c1ncn2C1CC(O)C(CO)O1,1
CC(=O)OC1CCC2C3CCc4cc(O)ccc4C3CCC12C,1
CNCCCC12CCC(c3ccccc31)c1ccccc12,1
O=C1CCc2cc(OCCCCc3nnnn3C3CCCCC3)ccc2N1,1
Cc1ccc(Cl)c(Nc2ccccc2C(=O)O)c1Cl,1
CN1CCCCC1CCN1c2ccccc2Sc2ccc([S+](C)[O-])cc21,1
CN(C)C1C(=O)C(C(N)=O)C(=O)C2(O)C(O)c3c(c(O)c4c(Cl)ccc(O)c4c3O)CC12,1
COCCOC(=O)C1=C(C)N=C(C)C(C(=O)OC(C)C)C1c1cccc([N+](=O)[O-])c1,1
CC(C(=O)O)c1ccc(-c2ccccc2)c(F)c1,1
COC(=O)C1=C(C)N=C(C)C(C(=O)OCCN(C)Cc2ccccc2)C1c1cccc([N+](=O)[O-])c1,1
CC1C(=NC(=O)C(NOC(C)(C)C(=O)O)c2csc(=N)[nH]2)C(=O)N1S(=O)(=O)O,1
CC(C)n1c(C=CC(O)CC(O)CC(=O)O)c(-c2ccc(F)cc2)c2ccccc21,1
CC(CS)C(=O)N1CCCC1C(=O)O,1
COCCCOc1ccnc(C[S+]([O-])c2nc3ccccc3[nH]2)c1C,1
O=C1C=NC(c2ccccc2)c2cc(Cl)ccc2N1,1
Cn1cnc2c1c(=O)[nH]c(=O)n2C,1
CC(C)(C#N)c1cc(Cn2cncn2)cc(C(C)(C)C#N)c1,1
CCCCC(CC)COC(=O)C=Cc1ccc(OC)cc1,1
NC(=O)C[S+]([O-])C(c1ccccc1)c1ccccc1,1
O=C(O)c1ccccc1O,1
Cc1cc(C=CC#N)cc(C)c1N=c1cc[nH]c(=Nc2ccc(C#N)cc2)[nH]1,1
CC(C(=O)O)c1ccc(CC2CCCC2=O)cc1,1
CC(C)OC(=O)C(C)(C)Oc1ccc(C(=O)c2ccc(Cl)cc2)cc1,1
CC1(COc2ccc(Cc3sc(=O)[nH]c3O)cc2)CCCCC1,1
CCCCC1=NC2(CCCC2)C(=O)N1Cc1ccc(-c2ccccc2-c2nn[nH]n2)cc1,1
CCOc1cc(N)c(Cl)cc1C(=O)NCC1CN(Cc2ccc(F)cc2)CCO1,1
CCN(CCO)CCCC(C)N=c1cc[nH]c2cc(Cl)ccc12,1
O=C1Nc2ccc(Cl)cc2C(C#CC2CC2)(C(F)(F)F)O1,1
COc1cc2[nH]cnc(=Nc3ccc(F)c(Cl)c3)c2cc1OCCCN1CCOCC1,1
CCC(=O)OC(Cc1ccccc1)(c1ccccc1)C(C)CN(C)C,1
Cc1cn(C2C=CC(CO)O2)c(=O)[nH]c1=O,1
CC(C)(C)NCC(O)c1cc(O)cc(O)c1,1
O=c1[nH]c(=O)n(C2CC(O)C(CO)O2)cc1I,1
CCN(C)C(=O)Oc1cccc(C(C)N(C)C)c1,1
CC1OC(OC2C(CO)OC(OC3C(CO)OC(O)C(O)C3O)C(O)C2O)C(O)C(O)C1NC1C=C(CO)C(O)C(O)C1O,1
CC(C)c1c(C(=O)Nc2ccccc2)c(-c2ccccc2)c(-c2ccc(F)cc2)n1CCC(O)CC(O)CC(=O)O,1
O=C(O)c1ccc(O)c(O)c1,1
COc1cc(C(=O)NC2CCCNC2)cc(OC)c1OC,1
CCC(=O)N(c1ccccc1)C1(C(=O)OC)CCN(CCC(=O)OC)CC1,1
CC1OC(n2cc(F)c(=O)[nH]c2=O)C(O)C1O,1
CCOC(=O)CNC(C(=O)N1CCC1C(=O)NCc1ccc(C(N)=NO)cc1)C1CCCCC1,1
CC(CN(C)C)CN1c2ccccc2Sc2ccccc21,1
CCCCC(=O)N(Cc1ccc(-c2ccccc2-c2nn[nH]n2)cc1)C(C(=O)O)C(C)C,1
NC1CC1c1ccccc1,1
CC(C)NCC(O)COc1cccc2ccccc12,1
COc1ccc2c3c1OC1CC(O)C=CC31CCN(C)C2,1
CC(C)(C)NCC(O)COc1nsnc1N1CCOCC1,1
CC1=C(C(=O)O)N2C(=O)C(NC(=O)C(N)c3ccc(O)cc3)C2SC1,1
CC(=O)CCCCn1c(=O)c2c(ncn2C)n(C)c1=O,1
COc1ccc2cc(C(C)C(=O)O)ccc2c1,1
COC(=O)C1=C(C)N=C(C)C(C(=O)OC(C)C)C1c1cccc2nonc12,1
NS(=O)(=O)c1cc2c(cc1C(F)(F)F)NCNS2(=O)=O,1
CC12CCC3c4ccc(O)cc4CCC3C1CCC2=O,1
O=C1CCC2(O)C3Cc4ccc(O)c5c4C2(CCN3CC2CC2)C1O5,1
C=CC1=C(C(=O)O)N2C(=O)C(=NC(=O)C(NOCC(=O)O)c3csc(=N)[nH]3)C2SC1,1
CC(O)C1C(=O)N2C(C(=O)O)=C(SCCN=CN)CC12,1
CCCCc1oc2ccc(NS(C)(=O)=O)cc2c1C(=O)c1ccc(OCCCN(CCCC)CCCC)cc1,1
O=C(O)c1cc(-c2ccccc2)nc2ccccc12,1
Cc1c[nH]c(=NC(=O)C2C(=O)c3ccccc3S(=O)(=O)N2C)s1,1
CC1=C(C(=O)O)N2C(=O)C(NC(=O)C(N)c3ccccc3)C2SC1,1
CN(C)CCn1nnnc1SC=C1CSC2C(NC(=O)Cc3csc(=N)[nH]3)C(=O)N2C1C(=O)O,1
CNCCC(Oc1cccc2ccccc12)c1cccs1,1
NCC(=O)CCC(=O)O,1
Cc1cnc(C(=O)NCCc2ccc(S(=O)(=O)NC(=O)NC3CCCCC3)cc2)cn1,1
O=C(O)COCCN1CCN(C(c2ccccc2)c2ccc(Cl)cc2)CC1,1
COc1ccc(Cl)cc1C(=O)NCCc1ccc(S(=O)(=O)NC(=O)NC2CCCCC2)cc1,1
CN(C)CCCN1c2ccccc2Sc2ccc(Cl)cc21,1
COC(=O)C1C(OC(=O)c2ccccc2)CC2CCC1N2C,1
OC1(c2ccc(Cl)cc2)c2ccccc2C2=NCCN21,1
N=C(N)N=c1[nH]c(CSCCN=CNS(=O)(=O)c2ccc(Br)cc2)cs1,1
CCOCC(O)COc1ccc(NC(=O)CC[S](C)C)cc1,1
COC(=O)C1=C(C)N=C(C)C(C(=O)OC)C1c1ccccc1[N+](=O)[O-],1
CN(Cc1cnc2[nH]c(=N)[nH]c(=N)c2n1)c1ccc(C(=O)NC(CCC(=O)O)C(=O)O)cc1,1
Cc1nccn1CC1CCc2c(c3ccccc3n2C)C1=O,1
NC(=O)N1c2ccccc2C=Cc2ccccc21,1
O=c1[nH]c2ccccc2n1CCCN1CCC(n2c(=O)[nH]c3cc(Cl)ccc32)CC1,1
CC1CCC2C(C)C(OC(=O)CCC(=O)O)OC3OC4(C)CCC1C32OO4,1
CCOC(=O)C(CCc1ccccc1)NC1CSC(c2cccs2)CN(CC(=O)O)C1=O,1
CN1C(=O)C(O)N=C(c2ccccc2Cl)c2cc(Cl)ccc21,1
CN(CCOc1ccc(Cc2sc(=O)[nH]c2O)cc1)c1ccccn1,1
Clc1ccc(C(OCCN2CCCCC2)c2ccccc2)cc1,1
CC(=O)N=c1sc(S(N)(=O)=O)nn1C,1
CC12CCC3C(CC=C4CC(O)CCC43C)C1CCC2=O,1
CC(C=CC1=C(C)CCCC1(C)C)=CC=CC(C)=CCO,1
CC1(C)SC2C(NC(=O)C(C(=O)O)c3ccccc3)C(=O)N2C1C(=O)O,1
OCC1OC(n2cnc3c2N=CNCC3O)CC1O,1
CC12CCC3c4ccc(OC(=O)N(CCCl)CCCl)cc4CCC3C1CCC2O,1
COc1ccc2c(c1)c(CC(=O)OCC(=O)O)c(C)n2C(=O)c1ccc(Cl)cc1,1
CC#CCC(C)C(O)C=CC1C(O)CC2CC(=CCCCC(=O)O)CC21,1
O=C(O)Cc1csc(-c2ccc(Cl)cc2)n1,1
C#CC1(O)CCC2C3C(C)C=C4CC(=O)CCC4C3CCC21C,1
CCC1(c2ccccc2)C(=O)NC(=O)N(C)C1=O,1
CCC1OC(=O)C(C)C(OC2CC(C)(OC)C(O)C(C)O2)C(C)C(OC2OC(C)CC(N(C)C)C2O)C(C)(OC)CC(C)C(=O)C(C)C(O)C1(C)O,1
O=C(O)COc1ccc(C(=O)c2cccs2)c(Cl)c1Cl,1
Cc1nc(C)c2c(n1)N(Cc1ccc(-c3ccccc3-c3nn[nH]n3)cc1)C(=O)CC2,1
COc1cc2c(cc1OC)C(=O)C(CC1CCN(Cc3ccccc3)CC1)C2,1
O=C(O)C(S)C(S)C(=O)O,1
COC1CC2CCC(C)C(O)(O2)C(=O)C(=O)N2CCCCC2C(=O)OC(C(C)CC2CCC(O)C(OC)C2)CC(=O)C(C)=CC(C)C(O)C(OC)C(=O)C(C)CC(C)C=CC=CC=C1C,1
CC1CN(c2c(F)c(N)c3c(=O)c(C(=O)O)cn(C4CC4)c3c2F)CC(C)N1,1
COc1c(N2CC3CCCNC3C2)c(F)cc2c(=O)c(C(=O)O)cn(C3CC3)c12,1
CN1CCC(N=c2nc3c(=Nc4ccc(F)c(Cl)c4)[nH]cnc3c[nH]2)CC1,1
CC(C(=O)O)c1ccc(C(=O)c2ccccc2)s1,1
O=C1C=NC(c2ccccc2Cl)c2cc([N+](=O)[O-])ccc2N1,1
CC(=O)Oc1ccc(C(=C2CCCCC2)c2ccc(OC(C)=O)cc2)cc1,1
O=C(OCC(O)CO)c1ccccc1N=c1cc[nH]c2cc(Cl)ccc12,1
Cc1ccccc1C(=O)Nc1ccc(C(=O)N2CCCC(O)c3cc(Cl)ccc32)c(C)c1,1
CC12CCC(O)CC1=CCC1C2CCC2(C)C(c3cccnc3)=CCC12,1
NS(=O)(=O)c1cc2c(cc1C(F)(F)F)NC(Cc1ccccc1)NS2(=O)=O,1
CC(C)Cc1ccc(C(C)C(=O)O)cc1,1
CC(=O)C(NC(=O)C1CSSCC(NC(=O)C(N)Cc2ccc3ccccc3c2)C(=O)NC(Cc2ccc(O)cc2)C(=O)NC(Cc2c[nH]c3ccccc23)C(=O)NC(CCCCN)C(=O)NC(C(C)C)C(=O)N1)C(N)O,1
CCOC(=O)C(CCc1ccccc1)NC1CCCN2CCCC(C(=O)O)N2C1=O,1
CCC1(O)CC2CN(CCc3c([nH]c4ccccc34)C(C(=O)OC)(c3cc4c(cc3OC)N(C)C3C(O)(C(N)=O)C(O)C5(CC)C=CCN6CCC43C65)C2)C1,1
O=NN(CCCl)C(=O)NC1CCCCC1,1
CN1C(=O)C=NC(=C2CCCCC2)c2cc(Cl)ccc21,1
CC(N)C(=O)OC(C)(C)Cc1ccc(Cl)cc1,1
CC12CCC(=O)C=C1CCC1C2CCC2(C)C1CCC2(C)O,1
CN(C)CCCN1c2ccccc2CCc2ccc(Cl)cc21,1
CCNC(=O)C1CCCN1C(=O)C(CCCNC(=N)N)NC(=O)C(CC(C)C)NC(=O)C(CC(C)C)NC(=O)C(Cc1ccc(O)cc1)NC(=O)C(CO)NC(=O)C(Cc1c[nH]c2ccccc12)NC(=O)C(Cc1cnc[nH]1)NC(=O)C1CCC(=O)N1,1
CCCCc1c(O)n(-c2ccc(O)cc2)n(-c2ccccc2)c1=O,1
CC(C)=CCOc1ccc(C=CC(=O)c2ccc(OCC=C(C)C)cc2OCC(=O)O)cc1,1
O=c1[nH]cc(F)c(=O)[nH]1,1
CCN(CC)CCOc1ccc(C(=C(Cl)c2ccccc2)c2ccccc2)cc1,1
CCc1c(C)cn(C(=O)NCCc2ccc(S(=O)(=O)NC(=O)NC3CCC(C)CC3)cc2)c1O,1
COC(=O)C(c1ccccc1Cl)N1CCc2sccc2C1,1
NC(=O)CN1CCCC1=O,1
CCCC(=O)Nc1ccc(OCC(O)CNC(C)C)c(C(C)=O)c1,1
Nc1cccc2c1CN(C1CCC(=O)NC1=O)C2=O,1
CC1C=CC=CC=CC=CC=CC=CC=CC(OC2OC(C)C(O)C(N)C2O)CC2OC(O)(CC(O)CC(O)C(O)CCC(O)CC(O)CC(=O)OC(C)C(C)C1O)CC(O)C2C(=O)O,1
C=CCOc1ccc(CC(=O)O)cc1Cl,1
CC(C)Cc1ccc(CC(=O)O)cc1,1
CN1C(=O)CC(=O)N(c2ccccc2)c2cc(Cl)ccc21,1
O=C1NC(=O)C(c2ccccc2)(c2ccccc2)N1,1
NC(=O)N1c2ccccc2CC(=O)c2ccccc21,1
CC#CCC(C)C(O)C=CC1C(O)CC2Oc3c(CCCC(=O)O)cccc3C21,1
CNNCc1ccc(C(=O)NC(C)C)cc1,1
CCOc1ccc(NC(C)=O)cc1,1
CC(N)(Cc1ccc(O)c(O)c1)C(=O)O,1
CCNC1CC(N)C(OC2OC(CN)=CCC2N)C(O)C1OC1OCC(C)(O)C(NC)C1O,1
CCc1cc2c(s1)N(C)C(=O)CN=C2c1ccccc1Cl,1
COc1ccc2c(c1)c(CC(=O)O)c(C)n2C(=O)c1ccc(Cl)cc1,1
CCc1oc2ccccc2c1C(=O)c1cc(I)c(O)c(I)c1,1
CC12CC(C=O)C(=O)CC1CCC1C2CCC2(C)C1CCC2(C)O,1
COC(=O)C(c1ccccc1)C1CCCCN1,1
CC(=O)Oc1cc2c(s1)CCN(C(C(=O)C1CC1)c1ccccc1F)C2,1
CC(C)=c1nc(N(C)S(C)(=O)=O)nc(-c2ccc(F)cc2)c1=CCC(O)CC(O)CC(=O)O,1
CCOc1ccccc1OCCNC(C)Cc1ccc(OC)c(S(N)(=O)=O)c1,1
CCC(c1ccccc1)c1c(O)c2ccccc2oc1=O,1
FC(F)OC(F)C(F)(F)F,1
CC(O)C1C(=O)N2C(C(=O)O)=C(SC3CNC(C(=O)N(C)C)C3)C(C)C12,1
NC(=O)C1CCN(CCCN2c3ccccc3Sc3ccc(Cl)cc32)CC1,1
CC(C(=O)O)c1cccc(C(=O)c2ccccc2)c1,1
CC(=O)Nc1ccc2c(c1)Cc1ccccc1-2,1
CON=C(C(=O)NC1C(=O)N2C(C(=O)[O-])=C(C[n+]3cccc4c3CCC4)CSC12)c1csc(=N)[nH]1,1
CC1CCN(CCCC(=O)c2ccc(F)cc2)CC1,1
CC(C)(N)Cc1ccccc1,1
COc1ccc2c(C(=O)c3ccc(Cl)cc3)c(C)n(CC(=O)O)c2c1,1
CCC1(c2ccccc2)C(=O)NC(=O)NC1=O,1
O=C(O)Cc1ccccc1Nc1c(Cl)cccc1Cl,1
CC(C)(C)NC(=O)C1CCC2C3CCC4NC(=O)C=CC4(C)C3CCC12C,1
COCc1c(-c2ccc(F)cc2)c(=CCC(O)CC(O)CC(=O)O)c(C(C)C)nc1=C(C)C,1
CC(=O)C1CCC2C3=CC=C4CC(=O)CCC4(C)C3CCC12C,1
C=C1CC2C(CCC3(C)C(=O)CCC23)C2(C)C=CC(=O)C=C12,1
O=C(COc1ccc(Cl)cc1)N1CCN(Cc2ccc3c(c2)OCO3)CC1,1
C#CC1(O)CCC2C3CCc4cc(O)ccc4C3CCC21C,1
CCCCCCCCNC(C)C(O)c1ccc(SC(C)C)cc1,1
CC(C)=CCCC(C)=CCCC(C)=CCC=C(C)C=Cc1c(C)c(O)c2ccccc2c1O,1
Cc1cccc(C)c1NC(=O)CC12CCCN1CCC2,1
CN(C)CCCN1c2ccccc2CCc2ccccc21,1
CS(=O)(=O)CCNCc1ccc(-c2ccc3[nH]cnc(=Nc4ccc(OCc5cccc(F)c5)c(Cl)c4)c3c2)o1,1
CC(c1ncncc1F)C(O)(Cn1cncn1)c1ccc(F)cc1F,1
O=C(CO)NCCCOc1cccc(CN2CCCCC2)c1,1
CC12CCC3C4=C(CCC3C1CCC2O)CC(=O)CC4,1
O=c1[nH]c2ccccc2n1CCCN1CCN(C(c2ccccc2)c2ccccc2)CC1,1
O=C1C=NC(c2ccccn2)c2cc(Br)ccc2N1,1
COC1C=COC2(C)Oc3c(C)c(O)c4c(O)c(c5c(c4c3C2=O)=NC2(CCN(CC(C)C)CC2)N=5)NC(=O)C(C)=CC=CC(C)C(O)C(C)C(O)C(C)C(OC(C)=O)C1C,1
CC(C)CC(CN)CC(=O)O,1
COC(=O)NC(C(=O)NC(Cc1ccccc1)C(O)CN(Cc1ccc(-c2ccccn2)cc1)NC(=O)C(NC(=O)OC)C(C)(C)C)C(C)(C)C,1
CC1(C)SC2C(NC(=O)C(N)c3ccccc3)C(=O)N2C1C(=O)O,1
CC(=O)NC1C(O)OC(CO)C(OS(=O)(=O)O)C1OC1OC(C(=O)O)C(O)C(O)C1O,1
CCN1CCCC1CNC(=O)c1cc(S(N)(=O)=O)ccc1OC,1
CCC(=O)OC(OP(=O)(CCCCc1ccccc1)CC(=O)N1CC(C2CCCCC2)CC1C(=O)O)C(C)C,1
CCCCCCCCCC(=O)OC1CCC2C3CC=C4CC(=O)CCC4C3CCC12C,1
CC(=O)N=c1[nH]nc(S(N)(=O)=O)s1,1
COCCOC(=O)C1=C(C)N=C(C)C(C(=O)OCC=Cc2ccccc2)C1c1cccc([N+](=O)[O-])c1,1
O=c1[nH]cnc2c1ncn2C1CCC(CO)O1,1
Cc1cccc(C)c1NC(=O)C(C)N,1
CC12CC3CC(C)(C1)CC(N)(C3)C2,1
CC(=O)c1ccc2c(c1)N(CCCN1CCC(CCO)CC1)c1ccccc1S2,1
CC(=O)Oc1ccccc1C(=O)O,1
CS(=O)(=O)c1ccc2c(c1)N(CCCN1CCC(C(N)=O)CC1)c1ccccc1S2,1
Cc1c(C)c2c(c(C)c1O)CCC(C)(COc1ccc(Cc3sc(=O)[nH]c3O)cc1)O2,1
CCOC(Nc1ccc(C(=O)O)cc1)C(=O)c1ccc(-c2ccccc2)cc1,1
Cn1nnc2c(C(N)=O)ncn2c1=O,1
Cc1ccc(S(=O)(=O)NC(=O)NN2CC3CCCC3C2)cc1,1
O=C(O)c1ccc(-n2nc(-c3ccccc3O)nc2-c2ccccc2O)cc1,1
NS(=O)(=O)c1cc2c(cc1Cl)NC(C1CC3C=CC1C3)NS2(=O)=O,1
CCCc1nn(C)c2c(=O)[nH]c(-c3cc(S(=O)(=O)N4CCN(C)CC4)ccc3OCC)nc12,1
CC1CCC2C(C)C(=O)OC3OC4(C)CCC1C32OO4,1
CC(NN)c1ccccc1,1
CCS(=O)(=O)CCn1c([N+](=O)[O-])cnc1C,1
N=C(N)Nc1ccc(C(=O)Oc2ccc3cc(C(=N)N)ccc3c2)cc1,1
CC(Cc1ccc(O)cc1)NCC(O)c1cc(O)cc(O)c1,1
CCOC(=O)OC(C)OC1=C(C(=O)N=c2cccc[nH]2)N(C)S(=O)(=O)c2ccccc21,1
CC1(C)SC2C(NC(=O)C(N)c3ccc(O)cc3)C(=O)N2C1C(=O)O,1
Cc1c(N(C)CS(=O)(=O)O)c(=O)n(-c2ccccc2)n1C,1
OCCO,1
C#CC1(O)CCC2C3CC=C4CC(=O)CCC4C3CCC21CC,1
CCCCNc1ccc(C(=O)OCCOCCOCCOCCOCCOCCOCCOCCOCCOC)cc1,1
N=c1[nH]c(=NC2CC2)c2ncn(C3C=CC(CO)C3)c2[nH]1,1
CC(C)NCC(O)COc1ccc(CC(N)=O)cc1,1
Cc1ccc(C(=O)c2cc(O)c(O)c([N+](=O)[O-])c2)cc1,1
CC(C(=O)O)c1ccc2oc(-c3ccc(Cl)cc3)nc2c1,1
Cc1c(OCC(F)(F)F)ccnc1C[S+]([O-])c1nc2ccccc2[nH]1,1
CC(C)(C)c1ccc(C(=O)CCCN2CCC(OC(c3ccccc3)c3ccccc3)CC2)cc1,1
N=c1[nH]c(=O)c2ncn(COCCO)c2[nH]1,1
CC(C)C(=O)Nc1ccc([N+](=O)[O-])c(C(F)(F)F)c1,1
COc1cccc2c(O)c3c(O)c4c(c(O)c3c(O)c12)=C(OC1CC(N)C(OC2CCCCO2)C(C)O1)CC(O)(C(=O)CO)C=4,1
O=C(O)COC(=O)Cc1ccccc1Nc1c(Cl)cccc1Cl,1
Cc1ccc(-c2ncc(Cl)cc2-c2ccc(S(C)(=O)=O)cc2)cn1,1
COC1CC(OC2C(C)C(=O)OC(C)C(C)C(OC(C)=O)C(C)C(=O)C3(CO3)CC(C)C(OC3OC(C)CC(N(C)C)C3OC(C)=O)C2C)OC(C)C1OC(C)=O,1
O=C(NCCO[N+](=O)[O-])c1cccnc1,1
CCOC(=O)C(C)(C)Oc1ccc(Cl)cc1,1
CC(C)(Oc1ccc(C2CC2(Cl)Cl)cc1)C(=O)O,1
NCC(CC(=O)O)c1ccc(Cl)cc1,1
CN(C)CCC=C1c2ccccc2CCc2ccccc21,1
O=c1c(Cc2c(O)oc3ccccc3c2=O)c(O)oc2ccccc12,1
CN(CC(=O)N1CCOCC1)Cc1c(Cl)cccc1NC(=O)c1ccccc1,1
CN(C)CC(c1ccc(O)cc1)C1(O)CCCCC1,1
CC(=O)C1(O)CCC2C3=CC(Cl)=C4CC(=O)CCC4(C)C3CCC21C,1
CCC(COC(=O)c1cc(OC)c(OC)c(OC)c1)(c1ccccc1)N(C)C,1
CCCCN1CCCCC1C(=O)Nc1c(C)cccc1C,1
COc1c(OC2OC(CO)C(O)C(O)C2O)cc2c(c1OC)-c1ccc(SC)c(=O)cc1C(NC(C)=O)CC2,1
CCO,1
CN(C)Cc1ccc(CSCCN=C(C[N+](=O)[O-])NCc2ccc3c(c2)OCO3)o1,1
CC12Cc3c[nH]nc3CC1CCC1C2CCC2(C)C1CCC2(C)O,1
CC(O)(CS(=O)(=O)c1ccc(F)cc1)C(=O)Nc1ccc(C#N)c(C(F)(F)F)c1,1
NS(=O)(=O)c1cc2c(cc1Cl)NC(C(Cl)Cl)NS2(=O)=O,1
O=C(CCCN1CCC(O)(c2ccc(Cl)cc2)CC1)c1ccc(F)cc1,1
Cc1onc(-c2ccccc2)c1-c1ccc(S(N)(=O)=O)cc1,1
CN1C(C(=O)N=c2cccc[nH]2)C(=O)c2ccccc2S1(=O)=O,1
CCC1OC(=O)C(C)C(OC2CC(C)(OC)C(O)C(C)O2)C(C)C(OC2OC(C)CC(N(C)C)C2O)C(C)(O)CC(C)CN(C)C(C)C(O)C1(C)O,1
O=C(C[S+]([O-])Cc1ccco1)NCC=CCOc1cc(CN2CCCCC2)ccn1,1
CS(=O)(=O)c1ccc(-c2coc(O)c2-c2ccccc2)cc1,1
CC12CCC3C(CCC4CC(=O)CCC43C)C1CCC2O,1
CC(C)NNC(=O)c1ccncc1,1
COc1ccc(C=CC(=O)Nc2ccccc2C(=O)O)cc1OC,1
CC(=O)Nc1cc([As](=O)(O)O)ccc1O,1
O=c1[nH]c(=O)n(C2CC(O)C(CO)O2)cc1F,1
CC(=O)SCC(Cc1ccccc1)C(=O)NCC(=O)OCc1ccccc1,1
C=C1C(=CC=C2CCCC3(C)C2CCC3C(C)CCCC(C)C)CC(O)CC1O,1
COc1ccccc1OCCNCC(O)COc1cccc2[nH]c3ccccc3c12,1
CCn1cc(C(=O)O)c(=O)c2cc(F)c(N3CCNCC3)cc21,1
CN(Cc1cc(Br)cc(Br)c1N)C1CCCCC1,1
CCCC(CCC)C(N)=O,1
C#CC1(OC(C)=O)CCC2C3CCC4=CC(OC(C)=O)CCC4C3CCC21C,1
O=C(O)CCCCCCNC1c2ccccc2CCc2ccccc21,1
CC(C)(ON=C(C(=O)NC1C(=O)N2C(C(=O)O)=C(C[n+]3ccccc3)CSC12)c1csc(=N)[nH]1)C(=O)[O-],1
CCN1CCCC1CNC(=O)c1cc(S(=O)(=O)CC)c(N)cc1OC,1
COc1cc(C2c3cc4c(cc3C(OC3OC5COC(c6cccs6)OC5C(O)C3O)C3COC(=O)C23)OCO4)cc(OC)c1O,1
CC(C)c1nc(CN(C)C(=O)NC(C(=O)NC(Cc2ccccc2)CC(O)C(Cc2ccccc2)NC(=O)OCc2cncs2)C(C)C)cs1,1
NC1C(O)OC(CO)C(O)C1O,1
CC(C(=O)O)c1ccc2c(c1)CC(=O)c1ccccc1S2,1
CN(C)CCN(Cc1cccs1)c1ccccn1,1
O=C(O)c1cn(C2CC2)c2cc(N3CCNCC3)c(F)cc2c1=O,1
CCCC(CCC)C(=O)O,1
CC1NCc2cc(-c3ccc4c(=O)c(C(=O)O)cn(C5CC5)c4c3OC(F)F)ccc21,1
OCCN1CCN(CCC=C2c3ccccc3Sc3ccc(C(F)(F)F)cc32)CC1,1
NCC1OC(OC2C(N)CC(N)C(OC3OC(CO)C(O)C(N)C3O)C2O)C(N)CC1O,1
O=C(CCNNC(=O)c1ccncc1)NCc1ccccc1,1
CC(C)(C)C(=O)OCOC(=O)C1N2C(=O)C(N=CN3CCCCCC3)C2SC1(C)C,1
O=C1CN=C(c2ccccc2)c2cc(Cl)ccc2N1CC1CC1,1
CC(=O)Oc1ccc(C2(c3ccc(OC(C)=O)cc3)C(=O)N(C(C)=O)c3ccccc32)cc1,1
COc1ccnc(C[S+]([O-])c2nc3cc(OC(F)F)ccc3[nH]2)c1OC,1
COCCc1ccc(OCC(O)CNC(C)C)cc1,1
Cc1nc(=O)c2cc(CN(C)c3ccc(C(=O)NC(CCC(=O)O)C(=O)O)s3)ccc2[nH]1,1
CCCCc1oc2ccccc2c1C(=O)c1cc(I)c(OCCN(CC)CC)c(I)c1,1
CCc1ccc(CCOc2ccc(Cc3sc(=O)[nH]c3O)cc2)nc1,1
NC(C(=O)NC1C(=O)N2C(C(=O)O)=C(Cl)CCC12)c1ccccc1,1
Clc1ccc2c(c1)CCc1cccnc1C2=C1CCNCC1,1
Nc1c(Br)cc(Br)cc1CNC1CCC(O)CC1,1
CN(C)CCC=C1c2ccccc2COc2ccc(CC(=O)O)cc21,1
NS(=O)(=O)c1cc2c(cc1Cl)N=CNS2(=O)=O,1
O=C(O)CCCc1ccc(N(CCCl)CCCl)cc1,1
Cn1nnnc1SC=C1CSC2C(NC(=O)C(O)c3ccccc3)C(=O)N2C1C(=O)O,1
CC(=O)C1NC(=O)C(CCCCN)NC(=O)C(Cc2c[nH]c3ccccc23)NC(=O)C(Cc2ccccc2)NC(=O)C(NC(=O)C(N)Cc2ccccc2)CSSCC(C(=O)NC(CO)C(C)O)NC1O,1
COC(=O)C1=C(C)N=C(C)C(C(=O)OC2CCCN(Cc3ccccc3)C2)C1c1cccc([N+](=O)[O-])c1,1
CC1(C)SC2C(NC(=O)Cc3ccccc3)C(=O)N2C1C(=O)O,1
CN1CCC(=C2c3ccccc3C=Cc3ccccc32)CC1,1
Cc1cc(=NS(=O)(=O)c2ccc(N)cc2)[nH]o1,1
CCC1(c2ccccc2)CCC(=O)NC1=O,1
CC(=O)C1(O)CCC2C3=CC(Cl)=C4CC(=O)C5CC5C4(C)C3CCC21C,1
CCN(CC)C(=O)Nc1ccc(OCC(O)CNC(C)(C)C)c(C(C)=O)c1,1
NC(=O)c1cnccn1,1
CC(NCCc1ccc(O)cc1)C(O)c1ccc(O)cc1,1
O=C(O)c1cc(-c2ccc(F)cc2F)ccc1O,1
OC1COC2C(O)COC12,1
c1ccc2c(c1)Sc1ccccc1N2CC1CN2CCC1CC2,1
CCC(C(N)=O)N1CCCC1=O,1
CCOC(=O)C=C(C)C=CC=C(C)C=Cc1c(C)cc(OC)c(C)c1C,1
CCOC(O)c1nc(-c2ccccc2F)c2cc(Cl)ccc2nc1=O,1
CCOc1nc2cccc(C(=O)O)c2n1Cc1ccc(-c2ccccc2-c2nn[nH]n2)cc1,1
Cc1cc(C(C)(C)C)cc(C)c1CC1=NCCN1,1
CC(=O)CCC=C(C)CCC=C(C)CCC=C(C)CCC=C(C)C,1
CON=C(C(=O)NC1C(=O)N2C(C(=O)[O-])=C(C[N+]3(C)CCCC3)CSC12)c1csc(=N)[nH]1,1
O=C(O)c1cc(=O)c2c(OCC(O)COc3cccc4oc(C(=O)O)cc(=O)c34)cccc2o1,1
CCCSc1ccc2[nH]c(=NC(=O)OC)[nH]c2c1,1
CS(=O)(=O)Nc1ccc([N+](=O)[O-])cc1Oc1ccccc1,1
Cc1cccc(Nc2ccccc2C(=O)O)c1C,1
NC(=O)c1ncn(C2OC(CO)C(O)C2O)c1O,1
COc1ccccc1N1CCN(CCCNc2cc(=O)n(C)c(=O)n2C)CC1,1
O=c1[nH]cc(N(CCCl)CCCl)c(=O)[nH]1,1
COc1cc(C)c(C=CC(C)=CC=CC(C)=CC(=O)O)c(C)c1C,1
FC(F)OC(F)(F)C(F)Cl,1
COc1[nH]c(=N)nc2c1ncn2C1OC(CO)C(O)C1O,1
NS(=O)(=O)c1cc2c(cc1Cl)NCNS2(=O)=O,1
CCCN(CCC)C(=O)Cc1c(-c2ccc(Cl)cc2)nc2ccc(Cl)cn12,1
Cc1cccc(C)c1OCC(=O)NC(Cc1ccccc1)C(O)CC(Cc1ccccc1)NC(=O)C(C(C)C)N1CCCNC1=O,1
NC(CSCCCO)C(=O)O,1
Cc1ccc(Nc2c(F)cccc2Cl)c(CC(=O)O)c1,1
O=C(NCC1CN(c2ccc(N3CCOCC3=O)cc2)C(=O)O1)c1ccc(Cl)s1,1
Nc1ccc(O)c(C(=O)O)c1,1
N=c1[nH]cnc2c1ncn2C1OC(CO)CC1F,1
CCN(CC)CCOC(=O)C(Cc1cccc2ccccc12)CC1CCCO1,1
CC1CC2C3CC=C4CC(=O)C=CC4(C)C3(F)C(O)CC2(C)C1(O)C(=O)CCl,1
CCCNCC(O)COc1ccccc1C(=O)CCc1ccccc1,1
N=c1ccn(C2CSC(CO)O2)c(=O)[nH]1,1
Cc1[nH]cnc1CN1CCc2c(c3ccccc3n2C)C1=O,1
CCN(CC)CCNC(=O)c1cc(S(C)(=O)=O)ccc1OC,1
CN(C)CCC=C1c2ccccc2C=Cc2ccccc21,1
CSc1ccc2c(c1)N(CCC1CCCCN1C)c1ccccc1S2,1
CC(C)NCC(O)COc1ccc(COCCOC(C)C)cc1,0
CNC(=O)c1c(I)c(NC(C)=O)c(I)c(C(=O)O)c1I,0
COc1cc2[nH]c(N3CCN(C(=O)C4CCCO4)CC3)nc(=N)c2cc1OC,0
C=CCC1(CC(C)C)C(=O)NC(=O)NC1=O,0
C=CCN1CCC23c4c5ccc(O)c4OC2C(=O)CCC3(O)C1C5,0
NCC1OC(OC2C(CO)OC(OC3C(O)C(N)CC(N)C3OC3OC(CO)C(O)C(O)C3N)C2O)C(N)C(O)C1O,0
CCOC(=O)C(CCc1ccccc1)NC(C)C(=O)N1Cc2cc(OC)c(OC)cc2CC1C(=O)O,0
CCC(=O)C(CC(C)N(C)C)(c1ccccc1)c1ccccc1,0
CCCCN1CC(O)C(O)C(O)C1CO,0
CN1CCC23c4c5ccc(O)c4OC2C(=O)CCC3(O)C1C5,0
CC1CN(CC(Cc2ccccc2)C(=O)NCC(=O)O)CCC1(C)c1cccc(O)c1,0
CCC1(CCC(C)C)C(=O)NC(=O)NC1=O,0
CC(C)=CCN1CCC2(C)c3cc(O)ccc3CC1C2C,0
O=C(NC(CO)C(O)c1ccc([N+](=O)[O-])cc1)C(Cl)Cl,0
NC(Cc1ccc(O)c(O)c1)C(=O)O,0
N=c1ccn(C2CCC(CO)O2)c(=O)[nH]1,0
CN(C)CCc1c[nH]c2ccc(CS(=O)(=O)N3CCCC3)cc12,0
C=C1CCC2(O)C3Cc4ccc(O)c5c4C2(CCN3CC2CC2)C1O5,0
COc1ccc(OC)c(C(O)C(C)N)c1,0
CC1C=CC=CCCC=CC=CC=CC=CC(OC2OC(C)C(O)C(N)C2O)CC2OC(O)(CC(O)C(O)CCC(O)CC(O)CC(O)CC(=O)OC(C)C(C)C1O)CC(O)C2C(=O)O,0
NCCc1ccc(O)c(O)c1,0
CC(C)(C)NCC(O)COc1cccc2c1CC(O)C(O)C2,0
N=c1[nH]c2c(c(=O)[nH]1)N(C=O)C(CNc1ccc(C(=O)NC(CCC(=O)O)C(=O)O)cc1)CN2,0
CCCc1nc(C(C)(C)O)c(C(=O)O)n1Cc1ccc(-c2ccccc2-c2nn[nH]n2)cc1,0
CC(=O)C(O)O,0
CC(C)(C(=O)O)c1ccc(C(O)CCCN2CCC(C(O)(c3ccccc3)c3ccccc3)CC2)cc1,0
CCCC1OC2CC3C4CC=C5CC(=O)C=CC5(C)C4C(O)CC3(C)C2(C(=O)CO)O1,0
CN(C)CCc1c[nH]c2ccc(CC3COC(=O)N3)cc12,0
CN(C)CCC(c1ccc(Cl)cc1)c1ccccn1,0
Cc1cc(=NC(=O)C2C(=O)c3ccccc3S(=O)(=O)N2C)[nH]o1,0
CCCCC1(CC)C(=O)NC(=O)NC1=O,0
CN1C2CC(OC(=O)C(CO)c3ccccc3)CC1C1OC12,0
Clc1ccc(CCC(Cn2ccnc2)Sc2c(Cl)cccc2Cl)cc1,0
COC1CC2CCC(C)C(O)(O2)C(=O)C(=O)N2CCCCC2C(=O)OC(C(C)CC2CCC(OCCO)C(OC)C2)CC(=O)C(C)=CC(C)C(O)C(OC)C(=O)C(C)CC(C)C=CC=CC=C1C,0
COC1OC2OC3(C)CCC4C(C)CCC(C1C)C24OO3,0
CN(C)C1C(=O)C(C(N)=O)C(=O)C2(O)C(=O)C3C(=O)c4c(O)cccc4C(C)(O)C3C(O)C12,0
COc1cccc(C2(O)CCCCC2CN(C)C)c1,0
OC(CCN1CCCC1)(c1ccccc1)C1CCCCC1,0
CC(Cc1ccc(O)c(O)c1)(NN)C(=O)O,0
NCCCCCC(=O)O,0
COc1cc2[nH]c(N3CCN(C(=O)C4COc5ccccc5O4)CC3)nc(=N)c2cc1OC,0
CN(C)CCc1c[nH]c2ccc(Cn3cncn3)cc12,0
CN1CC(C(=O)NC2(C)OC3(O)C4CCCN4C(=O)C(Cc4ccccc4)N3C2=O)=CC2c3cccc4[nH]cc(c34)CC21,0
CNCC(O)c1ccc(O)c(O)c1,0
CNC1C(OC2C(OC3C(O)C(O)C(N=C(N)N)C(O)C3N=C(N)N)OC(C)C2(O)C=O)OC(CO)C(O)C1O,0
CCC1(O)C(=O)OCc2c1cc1n(c2=O)Cc2cc3c(CN(C)C)c(O)ccc3nc2-1,0
CC(N)C12CC3CC(CC(C3)C1)C2,0
CN(C)C(=O)Oc1ccc[n+](C)c1,0
CC(=O)OCC(=O)C1(O)CCC2C3CC=C4CC(=O)CCC4(C)C3C(=O)CC21C,0
Cn1c(=O)c2c(ncn2C)n(C)c1=O,0
NCC1OC(OC2C(N)CC(N)C(OC3OC(CO)C(O)C(N)C3O)C2O)C(O)C(O)C1O,0
CCCc1nc(C)c2c(=O)[nH]c(-c3cc(S(=O)(=O)N4CCN(CC)CC4)ccc3OCC)nn12,0
CN1C(=O)C(O)N=C(c2ccccc2)c2cc(Cl)ccc21,0
NCC(O)c1ccc(O)c(O)c1,0
O=C(O)CCCO,0
CN1CCC23c4c5ccc(O)c4OC2C(=O)CCC3C1C5,0
N=c1[nH]c(N2CCCCC2)cc(N)[n+]1[O-],0
NCCC(=O)C(O)NC1CC(N)C(OC2OC(CN)C(O)C(O)C2O)C(O)C1OC1OC(CO)C(O)C(N)C1O,0
OC(CCN1CCCCC1)(c1ccccc1)C1CC2C=CC1C2,0
CN1C2CCC1CC(OC(=O)C(CO)c1ccccc1)C2,0
CN1CCCC1CCOC(C)(c1ccccc1)c1ccc(Cl)cc1,0
OCCOCCN1CCN(C(c2ccccc2)c2ccc(Cl)cc2)CC1,0
Oc1ccc2c3c1OC1C(O)CCC4(O)C(C2)N(CC2CCC2)CCC314,0
COC1C=COC2(C)Oc3c(C)c(O)c4c(O)c(c(=CNN5CCN(C6CCCC6)CC5)c(O)c4c3C2=O)=NC(=O)C(C)=CC=CC(C)C(O)C(C)C(O)C(C)C(OC(C)=O)C1C,0
CN(C)CCOC(c1ccccc1)c1ccccc1,0
NS(=O)(=O)c1cc(C(=O)O)c(NCc2ccco2)cc1Cl,0
Cc1cc(CC(=O)O)n(C)c1C(=O)c1ccc(Cl)cc1,0
COC1CC2CCC(C)C(O)(O2)C(=O)C(=O)N2CCCCC2C(=O)OC(C(C)CC2CCC(OC(=O)C(C)(CO)CO)C(OC)C2)CC(=O)C(C)=CC(C)C(O)C(OC)C(=O)C(C)CC(C)C=CC=CC=C1C,0
CCC(CO)NC(=O)C1=CC2c3cccc4c3c(cn4C)CC2N(C)C1,0
CCCCCCCCC=CCCCCCCCC(=O)O,0
N=c1[nH]cnc2c1ncn2C1OC(CO)C(O)C1O,0
COc1ccc2c(c1)C13CCCCC1C(C2)N(C)CC3,0
C=C1C(=CC=C2CCCC3(C)C2CCC3C(C)CCCC(C)(C)O)CC(O)CC1O,0
C=CCN1CCC23c4c5ccc(O)c4OC2C(=NNC(=O)c2ccccc2)CCC3(O)C1C5,0
NC(Cc1cc(I)c(Oc2ccc(O)c(I)c2)c(I)c1)C(=O)O,0
Cc1ccc(C(=CCN2CCCC2)c2ccccn2)cc1,0
COc1cccc2c(O)c3c(O)c4c(c(O)c3c(O)c12)=C(OC1CC(N)C(O)C(C)O1)CC(O)(C(C)=O)C=4,0
N=c1cc(N2CCCCC2)[nH]c(=N)n1O,0
C#CCN(C)C(C)Cc1ccccc1,0
CC12CCC(=O)C=C1CCC1C2C(O)CC2(C)C1CCC2(O)C(=O)CO,0
C#CC1(OC(C)=O)CCC2C3CC=C4CC(=O)CCC4C3CCC21C,0
C=CCN1CC(C(=O)N(CCCN(C)C)C(=O)NCC)CC2c3cccc4[nH]cc(c34)CC21,0
CNC(C)C(O)c1ccccc1,0
CC(C)NCC(O)c1cc(O)cc(O)c1,0
O=C1Nc2ccc(Cl)cc2C(c2ccccc2)NC1=O,0
Cn1c(=O)c2[nH]cnc2n(C)c1=O,0
N=c1[nH]c(=O)n(C2CSC(CO)O2)cc1F,0
COC=C1CSC2C(=NC(=O)C(NOC)c3csc(=N)[nH]3)C(=O)N2C1C(=O)O,0
COc1cc(CNC(=O)CCCCC=CC(C)C)ccc1O,0
c1cc(CN2CCCNCCNCCCNCC2)ccc1CN1CCCNCCNCCCNCC1,0
CCCN1CC(CSC)CC2c3cccc4[nH]cc(c34)CC21,0
CCN(CC)C(C)C(=O)c1ccccc1,0
N=c1[nH]c(=O)[nH]cc1F,0
CCC(C)C1NC(=O)C(Cc2ccc(O)cc2)NC(=O)C(N)CSSCC(C(=O)N2CCCC2C(=O)NC(CC(C)C)C(=O)NCC(N)=O)NC(=O)C(CC(N)=O)NC(=O)C(CCC(N)=O)NC1=O,0
COc1ccccc1OCC(O)CN1CCN(CC(=O)Nc2c(C)cccc2C)CC1,0
CN1CCN(C2=Nc3ccccc3Oc3ccc(Cl)cc32)CC1,0
CCN(CC)CC#CCOC(=O)C(O)(c1ccccc1)C1CCCCC1,0
CCN1CC(CCN2CCOCC2)C(c2ccccc2)(c2ccccc2)C1=O,0
N=c1ncn(C2CC(O)C(CO)O2)c(=O)[nH]1,0
CCOC(=O)C1(c2ccccc2)CCN(C)CC1,0
CN1CCN(CCCN2c3ccccc3Sc3ccc(C(F)(F)F)cc32)CC1,0
Cc1ccc(-c2nc3ccc(C)cn3c2CC(=O)N(C)C)cc1,0
CCn1cc(C(=O)O)c(=O)c2cc(F)c(N3CCNC(C)C3)c(F)c21,0
CN(C)CCC(c1ccc(Br)cc1)c1ccccn1,0
CN1CCC(=C2c3ccccc3CC(=O)c3sccc32)CC1,0
CC(C)c1nc(CN(C)C(=O)NC(CCN2CCOCC2)C(=O)NC(CCC(Cc2ccccc2)NC(=O)OCc2cncs2)Cc2ccccc2)cs1,0
CC(C)NCC(O)c1ccc(NS(C)(=O)=O)cc1,0
CC(=O)Oc1c(C)c(C)c2c(c1C)CCC(C)(CCCC(C)CCCC(C)CCCC(C)C)O2,0
COc1ccc(CC2c3cc(OC)c(OC)cc3CC[N+]2(C)CCC(=O)OCCCCCOC(=O)CC[N+]2(C)CCc3cc(OC)c(OC)cc3C2Cc2ccc(OC)c(OC)c2)cc1OC,0
C=CC[N+]1(C2CC3C4CCC5CC(O)C(N6CCOCC6)CC5(C)C4CCC3(C)C2OC(C)=O)CCCC1,0
CC(Cc1ccccc1)N(C)Cc1ccccc1,0
O=c1[nH]c2ccccc2n1C1CCN(CCCC(c2ccc(F)cc2)c2ccc(F)cc2)CC1,0
CC(=O)Nc1c(I)c(NC(C)=O)c(I)c(C(=O)O)c1I,0
Cn1c(CCCC(=O)O)nc2cc(N(CCCl)CCCl)ccc21,0
CCC1(c2ccc(N)cc2)CCC(=O)NC1=O,0
O=C1OC2(c3ccc(O)cc3Oc3cc(O)ccc32)c2ccccc21,0
OCc1cc(C(O)CNCCCCCCOCCCCc2ccccc2)ccc1O,0
CN1C2CCC1CC(OC(c1ccccc1)c1ccccc1)C2,0
Clc1cccc(Cl)c1NC1=NCCN1,0
CCCCNc1ccc(C(=O)OCCN(C)C)cc1,0
C[N+]1(C)CCCC(OC(=O)C(O)(c2ccccc2)c2ccccc2)C1,0
COc1ccccc1OCC(O)COC(N)=O,0
O=C(OC1CN2CCC1CC2)N1CCc2ccccc2C1c1ccccc1,0
OCC1OC(OC2C(CO)OC(O)C(O)C2O)C(O)C(O)C1O,0
CC(C)(C)c1ccc(C(O)CCCN2CCC(C(O)(c3ccccc3)c3ccccc3)CC2)cc1,0
CCCCCN=C(N)N=NCc1c[nH]c2ccc(OC)cc12,0
CC(=O)OC1CC2CCC3C(CCC4(C)C3CC([N+]3(C)CCCCC3)C4OC(C)=O)C2(C)CC1[N+]1(C)CCCCC1,0
COc1ccc(CCN2CCC(N=c3[nH]c4ccccc4n3Cc3ccc(F)cc3)CC2)cc1,0
CCC(=O)N(c1ccccc1)C1(COC)CCN(CCc2cccs2)CC1,0
CC[N+](C)(CC)CCOC(=O)C(O)(c1ccccc1)C1CCCCC1,0
CCC1=CC2CN(C1)Cc1c([nH]c3ccccc13)C(C(=O)OC)(c1cc3c(cc1OC)N(C)C1C(O)(C(=O)OC)C(OC(C)=O)C4(CC)C=CCN5CCC31C54)C2,0
CCCCCOC(=O)N=c1[nH]c(=O)n(C2OC(C)C(O)C2O)cc1F,0
Cc1ccc(C(=O)Oc2ccc(C(O)CNC(C)(C)C)cc2OC(=O)c2ccc(C)cc2)cc1,0
CC(=O)C1(O)C=C(OC2CC(N)C(O)C(C)O2)c2c(c(O)c3c(O)c4ccccc4c(O)c3c2O)C1,0
O=C(C1CCCCC1)N1CC(=O)N2CCc3ccccc3C2C1,0
CC(C)(C(=O)c1cccnc1)c1cccnc1,0
COc1ccc2c3c1OC1CC(O)C=C(CCN(C)C2)C31,0
CSCCC(N)C(=O)O,0
COc1cc(C(=O)NCc2ccc(OCCN(C)C)cc2)cc(OC)c1OC,0
CCC1(C)CC(=O)NC1=O,0
OCCN1CC(O)C(O)C(O)C1CO,0
Cc1cn(C2CC(O)C(CO)O2)c(=O)[nH]c1=O,0
Cc1cccc(C)c1NC(=O)C1CCCCN1C,0
COc1cc2c(cc1OC)C(Cc1cc(OC)c(OC)c(OC)c1)[N+](C)(CCCOC(=O)CCC=CCCC(=O)OCCC[N+]1(C)CCc3cc(OC)c(OC)cc3C1Cc1cc(OC)c(OC)c(OC)c1)CC2,0
Fc1ccccc1C1=NCC(=S)N(CC(F)(F)F)c2ccc(Cl)cc21,0
Cc1nc2c([nH]1)-c1ccccc1N(C(=O)c1ccc(NC(=O)c3ccccc3-c3ccccc3)cc1)CC2,0
CC(C)(Oc1ccc(CCNC(=O)c2ccc(Cl)cc2)cc1)C(=O)O,0
Oc1ccc2c(c1)C13CCCCC1(O)C(C2)N(CC1CCC1)CC3,0
COc1cc2[nH]c(N3CCN(C(=O)c4ccco4)CC3)nc(=N)c2cc1OC,0
CCC(=O)N(c1ccccc1)C1(COC)CCN(CCn2nnn(CC)c2=O)CC1,0
CCOC(=O)C1(c2ccccc2)CCN(CCC(C#N)(c2ccccc2)c2ccccc2)CC1,0
NC(=O)C(c1ccccc1)(c1ccccc1)C1CCN(CCc2ccc3c(c2)CCO3)C1,0
OC(CCN1CCCCC1)(c1ccccc1)C1CCCCC1,0
COc1ccccc1OCC(O)CO,0
Nc1ccc(C(=O)NCC(=O)O)cc1,0
CCCCC(CC)COC(=O)CC(C(=O)OCC(CC)CCCC)S(=O)(=O)O,0
CN(C)c1cc(NC(=O)CNC(C)(C)C)c(O)c2c(O)c3c(cc12)CC1C(N(C)C)C(=O)C(C(N)=O)C(=O)C1(O)C3O,0
CNCCCN1c2ccccc2CCc2ccccc21,0
CN(C)CCOC(C)(c1ccccc1)c1ccccn1,0
N=c1[nH]c(F)nc2c1ncn2C1OC(CO)C(O)C1O,0
OCC(O)C(O)C(O)C(O)CO,0
CN(C)C1C(=O)C(C(N)=O)C(=O)C2(O)C(=O)C3C(=O)c4c(O)ccc(Cl)c4C(C)(O)C3CC12,0
CC(=O)OC1CC2CCC3C(CCC4(C)C3CC([N+]3(C)CCCCC3)C4OC(C)=O)C2(C)CC1N1CCCCC1,0
C=C(CC)C(=O)c1ccc(OCC(=O)O)c(Cl)c1Cl,0
COCCNC(=O)CN(CCN(CCN(CC(=O)O)CC(=O)NCCOC)CC(=O)O)CC(=O)O,0
C[N+](C)(C)CCOC(=O)CCC(=O)OCC[N+](C)(C)C,0
COc1ccc2cc(CCC(C)=O)ccc2c1,0
CC(COc1ccccc1)NC(C)C(O)c1ccc(O)cc1,0
CC1(C)SC2C(NC(=O)COc3ccccc3)C(=O)N2C1C(=O)O,0
COc1ccc(CC(C)NCC(O)c2ccc(O)c(NC=O)c2)cc1,0
CC(=O)OC=C1CSC2C(NC(=O)CSc3ccncc3)C(=O)N2C1C(=O)O,0
COC(=O)CCc1ccc(OCC(O)CNC(C)C)cc1,0
Cc1ccccc1N1C(=O)c2cc(S(N)(=O)=O)c(Cl)cc2NC1C,0
CN(C)C(=O)Oc1cc(OC(=O)N(C)C)cc(C(O)CNC(C)(C)C)c1,0
C[N+]1(C)CCC(OC(=O)C(O)(c2ccccc2)C2CCCC2)C1,0
CNS(=O)(=O)CCc1ccc2[nH]cc(C3CCN(C)CC3)c2c1,0
CCCCCCCN(CC)CCCC(O)c1ccc(NS(C)(=O)=O)cc1,0
CN1C(=O)CC(C)(c2ccccc2)C1=O,0
CC1=C(C(=O)O)N2C(=O)C(=NC(=O)C(N)C3C=CCCC3)C2SC1,0
CON=C(C(=O)NC1C(=O)N2C(C(=O)OCOC(=O)C(C)(C)C)=C(C=Cc3scnc3C)CSC12)c1csc(=N)[nH]1,0
Clc1ccc(CSC(Cn2ccnc2)c2ccc(Cl)cc2Cl)cc1,0
CC1CC2C3CC=C4CC(=O)C=CC4(C)C3(Cl)C(O)CC2(C)C1(O)C(=O)CCl,0
N=C(N)NCCN1CCCCCCC1,0
CC12CCC(=O)C=C1CCC1C3CCC(O)(C(=O)CO)C3(C)CC(O)C12F,0
CN1C(=O)CN=C(c2ccccc2)c2cc(Cl)ccc21,0
CN1CCC23c4c5ccc(O)c4OC2C(O)C=CC3C1C5,0
COc1ccc2c3c1OC1C(=O)CCC4(O)C(C2)N(C)CCC314,0
O=C(O)O,0
CN1C(CSCC(F)(F)F)Nc2cc(Cl)c(S(N)(=O)=O)cc2S1(=O)=O,0
NCCc1ccc(O)cc1,0
O=C(C(O)CO)C(O)C(O)CO,0
COc1ccc2[nH]cc(CCNC(C)=O)c2c1,0
CCC1(c2ccccc2)C(=O)NCNC1=O,0
C#CCN(C)Cc1ccccc1,0
CCCCCC(C)(O)C=CC1C(O)CC(O)C1CC=CCCCC(=O)O,0
O=NN(CCCl)C(=O)NCCCl,0
NC12CC3CC(CC(C3)C1)C2,0
Cc1ncc2n1-c1ccc(Cl)cc1C(c1ccccc1F)=NC2,0
COc1cc(N)c(Cl)cc1C(=O)NC1CCN(CCCOc2ccc(F)cc2)CC1OC,0
CC(C)C(=O)Oc1ccc(CO)cc1C(CCN(C(C)C)C(C)C)c1ccccc1,0
N=C(N)NCCCCC1NC(=O)CCSSCC(C(N)=O)NC(=O)C2CCCN2C(=O)C(Cc2c[nH]c3ccccc23)NC(=O)C(CC(=O)O)NC(=O)CNC1=O,0
CC1CC2C3CC=C4CC(=O)C=CC4(C)C3(Cl)C(O)CC2(C)C1(O)C(=O)CO,0
O=[P-](=O)(O)C(O)(C[C+]1C=CC=[N+]=C1)[P-](=O)(=O)O,0
CCN(CC)CCOC(=O)C1(C2CCCCC2)CCCCC1,0
O=C1c2cccc3c2C(CCC3)CN1C1CN2CCC1CC2,0
CCCCS(=O)(=O)NC(Cc1ccc(OCCCCC2CCNCC2)cc1)C(=O)O,0
CCC(C)C(N)C1=NC(C(=O)NC(CC(C)C)C(=O)NC(CCC(=O)O)C(=O)NC(C(=O)NC2CCCCNC(=O)C(CC(N)=O)NC(=O)C(CC(=O)O)NC(=O)C(Cc3cnc[nH]3)NC(=O)C(Cc3ccccc3)NC(=O)C(C(C)CC)NC(=O)C(CCCN)NC2=O)C(C)CC)CS1,0
O=C1CCc2ccc(OCCCCN3CCN(c4cccc(Cl)c4Cl)CC3)cc2N1,0
C[N+](C)(C)CCO[P-](=O)(=O)OP([O])(=O)OCC1OC(n2ccc(=N)[nH]c2=O)C(O)C1O,0
CNC(C)C1CCC(N)C(OC2C(N)CC(N)C(OC3OCC(C)(O)C(NC)C3O)C2O)O1,0
Clc1ccc2c(c1)C(c1ccccc1)=NCc1nncn1-2,0
CC(C)(C)NC(=O)C1CN(Cc2cccnc2)CCN1CC(O)CC(Cc1ccccc1)C(=O)NC1c2ccccc2CC1O,0
Clc1ccc(COC(Cn2ccnc2)c2ccc(Cl)cc2Cl)c(Cl)c1,0
CNCCCC1c2ccccc2C=Cc2ccccc21,0
CCCC(C)C1(CC)C(=O)NC(=S)NC1=O,0
NC(=O)c1ncn(C2OC(CO)C(O)C2O)n1,0
CN(C)CCOC(c1ccc(Cl)cc1)c1ccccn1,0
CC[N+](CC)(CCNC(=O)C(=O)NCC[N+](CC)(CC)Cc1ccccc1Cl)Cc1ccccc1Cl,0
Cc1ccc(O)c(C(CCN(C(C)C)C(C)C)c2ccccc2)c1,0
COc1ccc2c3c1OC1C(O)C=CC4C(C2)N(C)CCC341,0
N=c1[nH]c(=O)c2nc(CNc3ccc(C(=O)NC(CCC(=O)O)C(=O)O)cc3)cnc2[nH]1,0
CN(CCOc1ccc(NS(C)(=O)=O)cc1)CCc1ccc(NS(C)(=O)=O)cc1,0
O=C(OC1CC2CCC(C1)[N+]21CCCC1)C(O)(c1ccccc1)c1ccccc1,0
CC[N+](CC)(CC)CCOc1cccc(OCC[N+](CC)(CC)CC)c1OCC[N+](CC)(CC)CC,0
Nc1ccc(S(=O)(=O)NC(=O)c2ccccc2)cc1,0
CCC(CO)NC(=O)C1=CC2c3cccc4[nH]cc(c34)CC2N(C)C1,0
NCC1OC(OC2C(CO)OC(OC3C(O)C(N)CC(N)C3OC3OC(CN)C(O)C(O)C3N)C2O)C(N)C(O)C1O,0
CC(=O)OCC[N+](C)(C)C,0
CC1(C)SC2C(NC(=O)C(C(=O)O)c3ccsc3)C(=O)N2C1C(=O)O,0
CCCC(C)(COC(N)=O)COC(=O)NC(C)C,0
CC(C)[N+]1(C)C2CCC1CC(OC(=O)C(CO)c1ccccc1)C2,0
CC(C)C1CCC(C(=O)NC(Cc2ccccc2)C(=O)O)CC1,0
N=C(N)NCCCC(N)C(=O)O,0
Cc1cccc(CN2CCN(C(c3ccccc3)c3ccc(Cl)cc3)CC2)c1,0
CC(C[N+](C)(C)C)OC(N)=O,0
COC1C=COC2(C)Oc3c(C)c(O)c4c(O)c(c5c(nc6cc(C)ccn65)c4c3C2=O)NC(=O)C(C)=CC=CC(C)C(O)C(C)C(O)C(C)C(OC(C)=O)C1C,0
CC(C)NCC(O)COc1ccc(CCOCC2CC2)cc1,0
CCOC(=O)c1cncn1C(C)c1ccccc1,0
CCCC(C)(COC(N)=O)COC(N)=O,0
CON=C(C(=O)NC1C(=O)N2C(C(=O)O)=CCSC12)c1csc(=N)[nH]1,0
CCN(CC)CC(=O)Nc1c(C)cccc1C,0
N=c1ncn(C2OC(CO)C(O)C2O)c(=O)[nH]1,0
C[N+](C)(C)CC(O)CC(=O)[O-],0
CNC(=O)Oc1ccc2c(c1)C1(C)CCN(C)C1N2C,0
CCC(=O)N(c1ccccc1)C1CCN(CCc2ccccc2)CC1,0
CC(=O)O,0
OC(O)C(Cl)(Cl)Cl,0
O=C(CCCN1CC=C(n2c(=O)[nH]c3ccccc32)CC1)c1ccc(F)cc1,0
CC1(C)C(C=C(Cl)Cl)C1C(=O)OCc1cccc(Oc2ccccc2)c1,0
CN(C)C(=O)C(CCN1CCC(O)(c2ccc(Cl)cc2)CC1)(c1ccccc1)c1ccccc1,0
CCC(C(C)O)n1ncn(-c2ccc(N3CCN(c4ccc(OCC5COC(Cn6cncn6)(c6ccc(F)cc6F)C5)cc4)CC3)cc2)c1=O,0
CC(COc1ccccc1)N(CCCl)Cc1ccccc1,0
NC(=O)C1CCCN1C(=O)C(Cc1c[nH]cn1)NC(O)c1ccc(O)[nH]1,0
Clc1ccc2c(c1)C(N1CCNCC1)=Nc1ccccc1O2,0
O=C1CC2(CCCC2)CC(=O)N1CCCCN1CCN(c2ncccn2)CC1,0
Cc1ccccc1C(OCCN(C)C)c1ccccc1,0
O=C1Nc2ccc(Cl)cc2C(c2ccccc2Cl)NC1=O,0
COC(=O)C1=C(C)N=C(C)C(C(=O)OCC(C)C)C1c1ccccc1[N+](=O)[O-],0
O=C(O)CN(CCN(CC(=O)O)CC(=O)O)CCN(CC(=O)O)CC(=O)O,0
C=C1C(CO)C(O)CC1n1cnc2c(=O)[nH]c(=N)[nH]c21,0
CN1CCCC1Cc1c[nH]c2ccc(CCS(=O)(=O)c3ccccc3)cc12,0
CC(=O)NC(CS)C(=O)O,0
Cc1ccc(C(=CCN2CCCC2)c2cccc(C=CC(=O)O)n2)cc1,0
COc1ccc(OC)c(C(O)CNC(=O)CN)c1,0
CC(Cc1cc2c(c(C(N)=O)c1)N(CCCO)CC2)NCCOc1ccccc1OCC(F)(F)F,0
Cc1nc2n(c(=O)c1CCN1CCC(c3noc4cc(F)ccc34)CC1)CCCC2O,0
CCCC(=O)OCOC(=O)C1=C(C)N=C(C)C(C(=O)OC)C1c1cccc(Cl)c1Cl,0
OCCN1CCN(CCCN2c3ccccc3Sc3ccc(C(F)(F)F)cc32)CC1,0
CC(N)(Cc1ccc(O)cc1)C(=O)O,0
COC(=O)C1=CC2CC(=O)CCC2(C)C23OC2CC2(C)C(CCC24CCC(=O)O4)C13,0
CSCCC(NC(=O)C(Cc1c[nH]c2ccccc12)NC(=O)CCNC(=O)OC(C)(C)C)C(=O)NC(CC(=O)O)C(=O)NC(Cc1ccccc1)C(N)=O,0
COC1(NC(=O)C(C(=O)O)c2ccc(O)cc2)C(=O)N2C(C(=O)O)=C(CSc3nnnn3C)COC21,0
O=c1nc2ccc(Cl)cc2c(-c2ccccc2)nc1C(O)O,0
CC(=O)Oc1ccc(C(c2ccc(OC(C)=O)cc2)c2ccccn2)cc1,0
CC(CO)NC(=O)C1=CC2c3cccc4[nH]cc(c34)CC2N(C)C1,0
N=C(N)NCCCC(NC(=O)C1CCCN1C(=O)C1CSSCC(N)C(=O)NC(Cc2ccc(O)cc2)C(=O)NC(Cc2ccccc2)C(=O)NC(CCC(N)=O)C(=O)NC(CC(N)=O)C(=O)N1)C(O)=NCC(N)=O,0
CC(C)NCC(O)COc1cccc2[nH]ccc12,0
CCC(C)CC(C)CCCCCCCCC(=O)NC1CC(O)C(NCCN)NC(=O)C2C(O)CCN2C(=O)C(C(O)CCN)NC(=O)C(C(O)C(O)c2ccc(O)cc2)NC(=O)C2CC(O)CN2C(=O)C(C(C)O)NC1=O,0
CCC1(O)CC2CN(CCc3c([nH]c4ccccc34)C(C(=O)OC)(c3cc4c(cc3OC)N(C)C3C(O)(C(=O)OC)C(OC(C)=O)C5(CC)C=CCN6CCC43C65)C2)C1,0
CC(C)NCC(O)c1ccc(O)c(O)c1,0
CC12C=CC(=O)NC1CCC1C2CCC2(C)C(C(=O)Nc3cc(C(F)(F)F)ccc3C(F)(F)F)CCC12,0
Clc1ccc(C(c2ccccc2Cl)C(Cl)Cl)cc1,0
C=CCC1(C(C)CCC)C(=O)NC(=O)NC1=O,0
C[N+]1(CC2CC2)CCC23c4c5ccc(O)c4OC2C(=O)CCC3(O)C1C5,0
CC(O)C1C(=O)N2C(C(=O)O)=C(SC3CNC(C(=O)Nc4cccc(C(=O)O)c4)C3)C(C)C12,0
CC1(C)SC2C(NC(=O)C(NC(=O)N3CCNC3=O)c3ccccc3)C(=O)N2C1C(=O)O,0
CC(CCc1ccc(O)cc1)NCCc1ccc(O)c(O)c1,0
Cc1nnc2n1-c1ccc(Cl)cc1C(c1ccccc1Cl)=NC2,0
CCCCNC(=O)NS(=O)(=O)c1ccc(C)cc1,0
NS(=O)(=O)c1cc(C2(O)NC(=O)c3ccccc32)ccc1Cl,0
CCCCCOc1ccc(-c2ccc(-c3ccc(C(=O)NC4CC(O)C(O)NC(=O)C5C(O)C(C)CN5C(=O)C(C(C)O)NC(=O)C(C(O)C(O)c5ccc(O)cc5)NC(=O)C5CC(O)CN5C(=O)C(C(C)O)NC4=O)cc3)cc2)cc1,0
OCC1OC(OC2C(CO)OC(O)(CO)C2O)C(O)C(O)C1O,0
CCOC(=O)N1CCC(=C2c3ccc(Cl)cc3CCc3cccnc32)CC1,0
CN1CCC23CCCCC2C1Cc1ccc(O)cc13,0
CSCCC(NC(=O)C(Cc1ccc(OS(=O)(=O)O)cc1)NC(=O)C(N)CC(=O)O)C(=O)NCC(=O)NC(Cc1c[nH]c2ccccc12)C(=O)NC(CCSC)C(=O)NC(CC(=O)O)C(=O)NC(Cc1ccccc1)C(N)=O,0
CNS(=O)(=O)Cc1ccc2[nH]cc(CCN(C)C)c2c1,0
CC(C)(C)NCC(O)COc1ccccc1C1CCCC1,0
CC1Cc2ccccc2N1NC(=O)c1ccc(Cl)c(S(N)(=O)=O)c1,0
CC(C)(C)NCC(O)c1ccc(O)c(CO)c1,0
CNC(C)Cc1ccccc1,0
Cc1ccc(N(CC2=NCCN2)c2cccc(O)c2)cc1,0
O=[N+]([O-])OC1COC2C(O[N+](=O)[O-])COC12,0
CN1C2CCCC1CC(NC(=O)c1nn(C)c3ccccc13)C2,0
CC1C(c2ccccc2)OCCN1C,0
C=C1CCC(O)CC1=CC=C1CCCC2(C)C1CCC2C(C)C=CC(C)C(C)C,0
CCCCNc1cc(C(=O)O)cc(S(N)(=O)=O)c1Oc1ccccc1,0
CNC(=O)c1cnn(-c2nc(=N)c3ncn(C4OC(CO)C(O)C4O)c3[nH]2)c1,0
Cc1ncc(CO)c(CO)c1O,0
CN1CC(C(=O)NC2(C)OC3(O)C4CCCN4C(=O)C(Cc4ccccc4)N3C2=O)CC2c3cccc4[nH]cc(c34)CC21,0
Cn1c(=O)c2c(ncn2CC(O)CO)n(C)c1=O,0
CC(C=Cc1c(C)c(O)c2ccccc2c1O)=CCCC(C)CCCC(C)CCCC(C)C,0
COc1ccc2c3c1OC1C(=O)CCC4C(C2)N(C)CCC314,0
N=c1[nH]c(C(CCC(=O)O)C(=O)N=C2C(=O)N3C(C(=O)O)=CCSC23)cs1,0
CCOC(=O)C1(c2ccccc2)CCN(CCc2ccc(N)cc2)CC1,0
Clc1ccc(COC(Cn2ccnc2)c2ccc(Cl)cc2Cl)cc1,0
C[N+]1(C)C2CC(OC(=O)C(O)(c3cccs3)c3cccs3)CC1C1OC12,0
COC(=O)N=c1[nH]c2ccc(C(=O)c3cccs3)cc2[nH]1,0
CC1CNc2c(cccc2S(=O)(=O)NC(CCCN=C(N)N)C(=O)N2CCC(C)CC2C(=O)O)C1,0
CCC(c1cccc(O)c1)C(C)CN(C)C,0
CC(N)Cc1ccccc1,0
C[N+](C)(C)CC(=O)[O-],0
